                  epoch,         train/box_loss,         train/cls_loss,         train/dfl_loss,   metrics/precision(B),      metrics/recall(B),       metrics/mAP50(B),    metrics/mAP50-95(B),           val/box_loss,           val/cls_loss,           val/dfl_loss,                 lr/pg0,                 lr/pg1,                 lr/pg2
                      0,                 1.0417,                 2.9805,                 1.3503,                0.00714,                0.97577,                0.19852,                0.09636,                 1.0007,                 2.9541,                 1.2169,              5.001e-05,              5.001e-05,              5.001e-05
                      1,                 1.0512,                 2.9867,                 1.3648,                0.00661,                0.98676,                0.34026,                0.23881,                0.58544,                 2.8437,                0.88444,             0.00011553,             0.00011553,             0.00011553
                      2,                0.57989,                 2.4574,                 1.0474,                0.00632,                0.99667,                0.84921,                0.75588,                0.38333,                 2.6656,                0.71169,             0.00017974,             0.00017974,             0.00017974
                      3,                0.45756,                 1.5294,                0.97967,                      1,                0.14885,                0.82514,                0.71766,                0.48394,                 2.4792,                0.75745,             0.00024262,             0.00024262,             0.00024262
                      4,                0.40989,                 1.0172,                0.94277,                      1,                0.06198,                0.78543,                0.69922,                0.61209,                 2.5826,                0.84802,             0.00030419,             0.00030419,             0.00030419
                      5,                0.37802,                0.84882,                0.93208,                      1,                0.45888,                0.85488,                0.74149,                0.66766,                 2.2661,                0.86748,             0.00036443,             0.00036443,             0.00036443
                      6,                0.35426,                0.73117,                0.90731,                0.95027,                0.70122,                0.82452,                0.67204,                0.66629,                 1.6875,                0.91197,             0.00042335,             0.00042335,             0.00042335
                      7,                0.33345,                0.67665,                0.89768,                0.90003,                0.76063,                0.86009,                0.69722,                0.64896,                 1.5983,                0.89326,             0.00048096,             0.00048096,             0.00048096
                      8,                0.33412,                0.64749,                0.89925,                0.90546,                0.84901,                0.88699,                0.74433,                0.63138,                  1.316,                  0.886,             0.00053724,             0.00053724,             0.00053724
                      9,                0.30946,                0.61279,                0.87859,                0.97754,                0.85355,                0.92467,                0.82895,                0.46425,                 1.0248,                  0.773,              0.0005922,              0.0005922,              0.0005922
                     10,                0.29764,                0.59151,                0.88163,                0.97429,                0.85582,                0.93324,                0.84566,                0.46192,                0.92046,                0.77398,             0.00064585,             0.00064585,             0.00064585
                     11,                0.30766,                0.57631,                0.88571,                0.98703,                0.87435,                0.94786,                0.87615,                0.44182,                0.82931,                0.75377,             0.00069817,             0.00069817,             0.00069817
                     12,                0.29644,                0.54836,                0.87889,                0.98553,                0.90469,                0.96446,                0.89216,                0.37967,                0.77487,                0.68706,             0.00074917,             0.00074917,             0.00074917
                     13,                0.29879,                0.53071,                0.88076,                0.97394,                0.93123,                0.97622,                0.90323,                0.40483,                0.80032,                0.71126,             0.00079885,             0.00079885,             0.00079885
                     14,                0.29842,                0.51304,                0.87369,                0.98099,                0.92542,                0.97953,                0.88952,                0.44502,                 0.9221,                0.72605,             0.00084721,             0.00084721,             0.00084721
                     15,                0.30965,                0.50424,                 0.8813,                0.98117,                0.89865,                0.97246,                0.88444,                0.43366,                0.81415,                0.73933,             0.00089425,             0.00089425,             0.00089425
                     16,                0.31463,                0.50072,                 0.8805,                0.97589,                0.87547,                0.95436,                0.84928,                0.50223,                 0.9042,                0.78596,             0.00093997,             0.00093997,             0.00093997
                     17,                0.30419,                0.48566,                0.87824,                0.98148,                 0.8788,                 0.9554,                0.89446,                0.38666,                0.90692,                0.72425,             0.00098438,             0.00098438,             0.00098438
                     18,                0.29433,                0.46856,                0.87745,                 0.9854,                0.93243,                0.98545,                0.90988,                0.39573,                0.82434,                0.72659,              0.0010275,              0.0010275,              0.0010275
                     19,                 0.2918,                0.44758,                0.87698,                0.97665,                0.92642,                0.98287,                0.91426,                0.38966,                  0.664,                0.72255,              0.0010692,              0.0010692,              0.0010692
                     20,                0.30119,                0.44266,                0.88192,                0.97079,                0.94243,                0.98663,                0.93267,                0.35299,                0.67925,                0.71458,              0.0011097,              0.0011097,              0.0011097
                     21,                0.28754,                0.43767,                0.87316,                0.95669,                0.89471,                0.97673,                0.91645,                0.35017,                0.72091,                0.70872,              0.0011488,              0.0011488,              0.0011488
                     22,                0.28597,                0.42305,                0.86973,                0.93679,                0.94471,                 0.9799,                0.92399,                0.34691,                0.66238,                0.69402,              0.0011866,              0.0011866,              0.0011866
                     23,                0.28735,                0.40999,                  0.869,                0.96389,                0.95916,                0.98493,                 0.9159,                0.41316,                0.66008,                0.74527,              0.0012231,              0.0012231,              0.0012231
                     24,                0.29936,                0.41215,                0.88022,                0.96809,                0.93321,                 0.9798,                0.91381,                0.40383,                0.81405,                0.74915,              0.0012582,              0.0012582,              0.0012582
                     25,                0.29365,                0.40114,                0.86936,                0.92991,                0.91966,                0.97498,                0.85904,                0.51894,                0.85062,                0.81368,              0.0012544,              0.0012544,              0.0012544
                     26,                0.29121,                0.39201,                0.86974,                0.94676,                0.94383,                0.97869,                0.88923,                0.46457,                0.76194,                0.77499,              0.0012544,              0.0012544,              0.0012544
                     27,                0.28529,                0.38302,                 0.8627,                 0.9658,                0.93047,                0.97972,                0.89117,                0.43603,                0.70391,                0.74233,              0.0012379,              0.0012379,              0.0012379
                     28,                0.27602,                0.37669,                0.87206,                0.94906,                0.95298,                0.97705,                0.91776,                0.34447,                0.58616,                0.71616,              0.0012214,              0.0012214,              0.0012214
                     29,                0.28958,                0.37014,                0.86832,                0.87113,                0.92806,                0.94033,                0.82832,                0.44371,                0.77903,                 0.7775,              0.0012049,              0.0012049,              0.0012049
                     30,                0.28458,                0.36438,                0.87035,                0.93628,                 0.9487,                0.98244,                0.92501,                 0.3382,                0.54044,                0.72447,              0.0011884,              0.0011884,              0.0011884
                     31,                0.27527,                0.35261,                0.86625,                0.97296,                0.96999,                0.98456,                0.94046,                0.34809,                0.47738,                0.70878,              0.0011719,              0.0011719,              0.0011719
                     32,                0.27467,                0.34748,                0.86335,                 0.9753,                0.98171,                0.98893,                0.94273,                0.31658,                0.47767,                0.69804,              0.0011554,              0.0011554,              0.0011554
                     33,                 0.2629,                0.32893,                0.86214,                0.97611,                0.97079,                0.98455,                0.93912,                0.32799,                0.46581,                0.71039,              0.0011389,              0.0011389,              0.0011389
                     34,                0.25905,                0.33053,                0.86864,                0.97285,                 0.9867,                0.99358,                0.94931,                0.31182,                0.40746,                0.69523,              0.0011224,              0.0011224,              0.0011224
                     35,                 0.2547,                0.31475,                0.85995,                0.96559,                0.98469,                0.98608,                0.94354,                0.33614,                0.40544,                0.72167,              0.0011059,              0.0011059,              0.0011059
                     36,                 0.2558,                0.31848,                0.86404,                0.98039,                0.97846,                0.98873,                0.95124,                0.31194,                0.39591,                0.70973,              0.0010894,              0.0010894,              0.0010894
                     37,                0.25651,                0.31529,                0.86738,                0.97707,                 0.9839,                0.98845,                0.95164,                0.30061,                0.37505,                0.68148,              0.0010729,              0.0010729,              0.0010729
                     38,                0.25752,                0.30634,                0.86091,                 0.9735,                0.98117,                0.98493,                 0.9489,                0.29812,                0.36795,                0.68533,              0.0010564,              0.0010564,              0.0010564
                     39,                0.25288,                  0.308,                0.86419,                0.99102,                0.94829,                0.98706,                0.94348,                0.29813,                0.35821,                0.69826,              0.0010399,              0.0010399,              0.0010399
                     40,                0.25164,                0.29706,                0.85893,                0.99208,                0.96518,                0.99089,                0.94461,                0.30808,                0.33693,                0.71041,              0.0010234,              0.0010234,              0.0010234
                     41,                0.24855,                0.28812,                0.85645,                 0.9834,                0.98676,                0.99429,                0.94272,                 0.3189,                0.32601,                0.70426,              0.0010069,              0.0010069,              0.0010069
                     42,                0.25119,                 0.2876,                0.85928,                0.97779,                 0.9848,                0.99376,                0.95113,                 0.2873,                0.31943,                0.68907,             0.00099036,             0.00099036,             0.00099036
                     43,                0.24929,                0.28141,                0.85457,                0.97907,                0.98481,                0.99331,                0.94489,                0.30501,                0.30794,                0.69928,             0.00097386,             0.00097386,             0.00097386
                     44,                0.24743,                0.28051,                0.85657,                0.98771,                0.97716,                0.99273,                0.95848,                0.28505,                0.29312,                0.66912,             0.00095736,             0.00095736,             0.00095736
                     45,                0.24743,                0.27864,                0.85994,                0.98695,                0.95405,                0.98878,                0.93431,                0.32543,                0.32546,                0.71258,             0.00094085,             0.00094085,             0.00094085
                     46,                0.23873,                0.27375,                0.85918,                0.97222,                0.96352,                0.98925,                 0.9454,                 0.3061,                0.33145,                0.69672,             0.00092435,             0.00092435,             0.00092435
                     47,                0.23794,                0.27256,                0.85344,                0.97262,                0.97842,                0.99061,                0.95358,                0.30451,                 0.3245,                0.69921,             0.00090785,             0.00090785,             0.00090785
                     48,                0.23344,                0.26332,                0.85823,                0.97019,                0.97948,                0.98846,                0.94973,                0.29018,                0.32652,                0.67422,             0.00089134,             0.00089134,             0.00089134
                     49,                0.23306,                0.26304,                0.85299,                0.97437,                 0.9795,                0.98797,                0.93189,                0.33961,                0.30396,                0.68776,             0.00087484,             0.00087484,             0.00087484
                     50,                0.22461,                0.25552,                0.85191,                 0.9804,                0.97626,                0.98835,                0.95429,                0.28707,                0.28944,                0.68391,             0.00085834,             0.00085834,             0.00085834
                     51,                 0.2365,                0.26302,                 0.8525,                 0.9716,                0.98784,                0.99376,                0.96021,                0.28136,                   0.28,                0.69487,             0.00084184,             0.00084184,             0.00084184
                     52,                0.22905,                0.25414,                0.85456,                0.98873,                0.96632,                0.99272,                0.95664,                0.27106,                 0.2871,                0.68599,             0.00082533,             0.00082533,             0.00082533
                     53,                0.23758,                0.25553,                0.85757,                0.98749,                0.97502,                0.99305,                 0.9621,                0.27709,                0.27699,                0.68217,             0.00080883,             0.00080883,             0.00080883
                     54,                0.23179,                0.25145,                0.85627,                0.97577,                0.98009,                0.99096,                0.95987,                0.26245,                0.27448,                0.67137,             0.00079233,             0.00079233,             0.00079233
                     55,                0.22325,                0.24761,                0.85497,                0.97626,                0.98176,                0.99188,                0.96322,                0.24709,                0.27067,                 0.6701,             0.00077582,             0.00077582,             0.00077582
                     56,                0.21963,                0.24444,                0.85155,                0.97618,                0.98305,                 0.9892,                0.96283,                 0.2427,                0.25217,                 0.6603,             0.00075932,             0.00075932,             0.00075932
                     57,                0.22365,                0.24658,                0.85138,                0.97786,                0.97748,                0.98906,                0.95724,                0.24966,                0.25704,                0.66598,             0.00074282,             0.00074282,             0.00074282
                     58,                 0.2279,                0.24447,                0.85539,                0.97921,                0.98176,                0.99063,                0.96096,                0.25126,                0.25331,                0.66855,             0.00072631,             0.00072631,             0.00072631
                     59,                0.22385,                0.23718,                0.85663,                0.98822,                0.97185,                 0.9916,                0.96276,                0.23244,                0.24212,                0.65769,             0.00070981,             0.00070981,             0.00070981
                     60,                0.22645,                 0.2341,                0.85192,                0.99285,                0.96852,                0.98851,                0.95574,                0.25217,                0.24846,                0.67396,             0.00069331,             0.00069331,             0.00069331
                     61,                0.22632,                0.23644,                 0.8527,                0.97514,                0.98097,                0.98717,                0.95314,                0.27094,                0.26289,                0.67472,              0.0006768,              0.0006768,              0.0006768
                     62,                0.22149,                0.22892,                0.84932,                0.97421,                0.98219,                0.98414,                0.95438,                 0.2568,                0.27787,                0.67123,              0.0006603,              0.0006603,              0.0006603
                     63,                0.21663,                0.22768,                 0.8513,                0.98552,                0.96467,                0.98988,                0.95841,                0.27269,                0.27533,                0.68776,              0.0006438,              0.0006438,              0.0006438
                     64,                0.21326,                0.23193,                0.84923,                0.97466,                0.97426,                0.98679,                0.95761,                0.28068,                0.29411,                0.70157,             0.00062729,             0.00062729,             0.00062729
                     65,                0.21461,                0.22814,                0.85191,                0.97592,                0.97222,                0.98616,                0.95723,                0.26164,                0.27531,                0.67279,             0.00061079,             0.00061079,             0.00061079
                     66,                0.21471,                0.22682,                 0.8454,                0.97313,                0.98447,                0.98942,                0.95586,                0.26182,                0.25918,                0.66857,             0.00059429,             0.00059429,             0.00059429
                     67,                0.20762,                0.21769,                0.84513,                0.98546,                0.97302,                0.99137,                0.95733,                0.24407,                0.24505,                0.66692,             0.00057778,             0.00057778,             0.00057778
                     68,                0.21399,                 0.2176,                0.85051,                0.99221,                0.96852,                 0.9917,                0.96097,                0.25335,                0.23882,                0.67267,             0.00056128,             0.00056128,             0.00056128
                     69,                 0.2147,                0.22311,                0.85111,                0.98799,                0.97518,                 0.9924,                0.96065,                0.23832,                0.24359,                0.66514,             0.00054478,             0.00054478,             0.00054478
                     70,                0.20883,                0.21693,                0.84451,                0.98267,                 0.9849,                0.99374,                 0.9661,                0.24465,                0.22861,                0.66504,             0.00052827,             0.00052827,             0.00052827
                     71,                 0.2112,                0.21586,                0.84497,                0.98036,                0.98494,                0.99433,                0.96616,                0.24256,                0.21363,                0.66299,             0.00051177,             0.00051177,             0.00051177
                     72,                0.20594,                0.21186,                0.84575,                0.98807,                0.97201,                0.99413,                0.96397,                0.24615,                0.22038,                0.66203,             0.00049527,             0.00049527,             0.00049527
                     73,                0.19775,                0.20777,                0.84518,                0.97282,                 0.9855,                 0.9932,                 0.9624,                0.25114,                0.22635,                0.66809,             0.00047876,             0.00047876,             0.00047876
                     74,                0.19614,                0.20585,                0.84651,                0.97475,                0.97708,                0.99054,                0.96625,                0.24766,                0.23399,                0.67143,             0.00046226,             0.00046226,             0.00046226
                     75,                0.19618,                0.20723,                 0.8463,                0.97809,                0.98417,                0.99142,                0.95984,                0.26164,                0.23262,                0.67673,             0.00044576,             0.00044576,             0.00044576
                     76,                0.19585,                0.20358,                0.84764,                0.97981,                0.98761,                0.99327,                0.96564,                0.24231,                0.21574,                0.66884,             0.00042925,             0.00042925,             0.00042925
                     77,                0.19474,                0.19786,                0.84507,                0.98078,                0.98572,                0.99393,                0.96774,                0.24705,                0.22014,                 0.6722,             0.00041275,             0.00041275,             0.00041275
                     78,                0.19555,                0.20248,                0.84204,                0.97768,                0.98234,                0.99384,                0.96895,                0.24174,                0.23073,                0.67527,             0.00039625,             0.00039625,             0.00039625
                     79,                0.18883,                0.19846,                0.84467,                0.97831,                0.98643,                0.99351,                0.96855,                0.23681,                0.22299,                0.67489,             0.00037974,             0.00037974,             0.00037974
                     80,                0.18994,                0.19912,                0.84213,                0.99047,                0.97247,                0.99399,                  0.968,                0.24085,                 0.2193,                0.66903,             0.00036324,             0.00036324,             0.00036324
                     81,                0.18761,                 0.1942,                0.84253,                0.99299,                0.96665,                0.99363,                0.96717,                 0.2507,                0.21643,                0.67621,             0.00034674,             0.00034674,             0.00034674
                     82,                0.19089,                0.19603,                0.84157,                0.97018,                0.98723,                0.99366,                0.96489,                0.24229,                 0.2187,                0.67186,             0.00033023,             0.00033023,             0.00033023
                     83,                0.18879,                0.19639,                0.84316,                0.98278,                0.97947,                0.99386,                0.96997,                0.22556,                0.21196,                0.66617,             0.00031373,             0.00031373,             0.00031373
                     84,                0.18598,                0.19098,                0.84164,                0.97961,                 0.9862,                0.99378,                0.96886,                0.23161,                0.20436,                0.66343,             0.00029723,             0.00029723,             0.00029723
                     85,                0.18628,                0.19281,                0.84308,                0.98968,                0.96969,                0.99049,                0.96765,                0.22661,                0.21129,                0.66376,             0.00028072,             0.00028072,             0.00028072
                     86,                0.18467,                0.18758,                0.84502,                0.97797,                0.98766,                0.99073,                0.96962,                0.23179,                 0.2091,                0.66529,             0.00026422,             0.00026422,             0.00026422
                     87,                0.18463,                0.18967,                0.84465,                0.97837,                0.98784,                0.99356,                0.96816,                0.23477,                0.20992,                0.67151,             0.00024772,             0.00024772,             0.00024772
                     88,                0.17876,                0.18106,                0.83959,                0.98069,                0.98951,                0.99364,                0.97127,                0.22153,                0.19729,                0.66555,             0.00023121,             0.00023121,             0.00023121
                     89,                0.17851,                0.18538,                0.84278,                0.97932,                0.98737,                0.99345,                0.96807,                0.22339,                0.19647,                0.66155,             0.00021471,             0.00021471,             0.00021471
                     90,                0.23099,                0.40724,                 0.8656,                0.97966,                 0.9872,                0.98841,                0.96358,                0.22871,                0.20044,                0.65847,             0.00019821,             0.00019821,             0.00019821
                     91,                0.19182,                0.22977,                0.83202,                0.98837,                0.97258,                 0.9859,                0.95736,                0.24311,                 0.2621,                0.67183,              0.0001817,              0.0001817,              0.0001817
                     92,                0.18267,                0.20593,                0.83081,                0.99581,                0.97036,                0.98598,                0.95315,                0.25931,                 0.2592,                0.67948,              0.0001652,              0.0001652,              0.0001652
                     93,                0.17673,                0.20095,                0.82927,                0.99593,                0.97518,                0.98974,                0.95911,                0.25289,                0.24205,                0.68022,              0.0001487,              0.0001487,              0.0001487
                     94,                0.16641,                0.18839,                0.81685,                0.98992,                0.97718,                0.99307,                0.96299,                0.24811,                0.22762,                0.67018,             0.00013219,             0.00013219,             0.00013219
                     95,                0.16333,                0.17797,                0.82235,                0.98471,                 0.9767,                0.99088,                0.96376,                0.24554,                  0.221,                0.66591,             0.00011569,             0.00011569,             0.00011569
                     96,                0.15733,                0.17528,                0.82153,                 0.9885,                0.96942,                0.98965,                0.96515,                0.23055,                0.21344,                0.66135,             9.9187e-05,             9.9187e-05,             9.9187e-05
                     97,                0.16087,                0.17448,                0.81836,                0.98026,                0.98508,                 0.9902,                0.96558,                0.22222,                0.20117,                0.65799,             8.2683e-05,             8.2683e-05,             8.2683e-05
                     98,                0.16076,                  0.173,                0.82532,                0.97875,                0.98454,                0.99049,                0.96509,                0.21847,                0.19674,                0.65806,              6.618e-05,              6.618e-05,              6.618e-05
                     99,                0.15866,                0.17117,                0.81808,                0.98123,                0.98342,                 0.9899,                0.96548,                0.21619,                0.19907,                0.65761,             4.9677e-05,             4.9677e-05,             4.9677e-05
